date,open,high,low,close,volume
2022-03-28,31.05,32.6,29.5,29.5,30152894
2022-03-29,28.05,28.57,28.05,28.05,76737652
2022-03-30,26.67,29.43,26.67,29.36,81796402
2022-03-31,28.81,30.81,28.24,30.69,14995715
2022-04-01,30.41,32.21,29.17,30.83,61777134
2022-04-04,31.62,31.88,30.74,31.45,6653848
2022-04-05,31.43,32.76,30.57,31.93,21329176
2022-04-06,31.93,32.74,31.67,32.5,7671586
2022-04-07,32.83,32.83,31.52,32.14,5612799
2022-04-08,32.38,33.74,32.14,33.74,20348714
2022-04-11,34.52,35.62,33.14,34.74,21456841
2022-04-12,34.74,34.93,32.38,33.0,6975535
2022-04-13,33.1,35.14,32.86,34.79,8610420
2022-04-18,34.29,34.52,32.64,32.81,8575398
2022-04-19,32.98,33.33,30.48,31.21,6009175
2022-04-20,31.31,31.86,30.76,31.64,5191796
2022-04-21,31.76,33.19,31.76,32.83,4794597
2022-04-22,32.57,34.1,31.91,33.83,10983404
2022-04-25,33.12,34.33,33.02,33.36,6143817
2022-04-26,34.0,36.19,32.83,35.38,15921204
2022-04-27,35.0,35.21,33.86,34.07,7375668
2022-04-28,34.43,34.6,32.86,33.64,4471669
2022-04-29,33.69,33.81,32.55,33.1,4832692
2022-05-02,32.48,33.29,31.86,33.14,2784419
2022-05-04,33.48,33.52,31.91,32.1,2785058
2022-05-05,32.1,33.31,31.79,33.12,6621627
2022-05-06,31.91,32.33,31.1,32.14,3757367
2022-05-09,31.43,32.02,30.95,31.48,4048732
2022-05-10,31.43,32.0,30.57,30.88,4323892
2022-05-11,31.38,31.41,29.55,30.05,6219377
2022-05-12,29.17,29.57,27.93,28.76,7162504
2022-05-13,29.14,30.76,29.14,29.74,3354650
2022-05-16,30.29,30.29,28.38,29.24,3442740
2022-05-17,29.24,30.43,28.71,30.17,2973933
2022-05-18,30.81,30.81,29.71,30.14,2230813
2022-05-19,29.48,29.95,28.69,29.6,2455948
2022-05-20,30.0,30.12,29.36,29.55,4453522
2022-05-23,29.86,30.14,29.19,29.76,4399785
2022-05-24,30.24,30.24,29.17,29.88,5199484
2022-05-25,30.1,30.21,28.64,28.81,4325276
2022-05-26,29.29,29.76,28.19,29.48,4228760
2022-05-27,29.05,30.6,28.81,30.38,6555193
2022-05-30,30.71,31.14,29.88,30.74,3113045
2022-05-31,30.48,31.6,30.43,31.24,7387067
2022-06-01,31.52,31.74,30.26,30.71,4778728
2022-06-02,30.71,30.74,30.19,30.26,3058644
2022-06-03,30.57,30.93,29.81,30.52,7358007
2022-06-06,30.55,31.41,29.91,31.19,2595473
2022-06-07,30.76,31.29,30.05,31.07,4170043
2022-06-08,30.95,31.33,30.6,31.12,4723580
2022-06-09,30.62,31.36,30.52,31.02,2549272
2022-06-10,30.57,31.52,30.43,30.83,19296150
2022-06-13,30.24,31.0,30.14,30.48,2797579
2022-06-14,30.43,30.74,29.76,30.02,4864551
2022-06-15,30.12,30.5,28.86,29.79,13195458
2022-06-16,30.14,30.41,28.86,29.74,6236325
2022-06-17,29.12,29.6,28.19,28.57,10955082
2022-06-20,28.71,29.41,28.24,28.83,2177706
2022-06-21,29.26,30.45,28.91,30.33,2497242
2022-06-22,30.29,30.52,29.64,30.45,1888007
2022-06-23,30.48,31.88,30.07,31.6,2742269
2022-06-24,31.86,32.43,31.31,32.36,2235448
2022-06-27,32.67,33.1,31.91,32.05,7084828
2022-06-28,31.64,33.05,31.05,32.79,9168694
2022-06-29,32.38,33.52,32.02,33.26,7327508
2022-06-30,33.19,34.19,33.05,33.52,4385425
2022-07-01,33.64,33.64,32.83,33.36,2203462
2022-07-04,33.29,35.48,33.24,35.29,5417415
2022-07-05,35.41,37.05,35.26,36.0,9406058
2022-07-06,35.95,37.38,35.71,37.05,6089135
2022-07-07,37.41,37.81,35.43,35.64,4719178
2022-07-08,35.64,36.12,34.81,35.1,3106973
2022-07-11,34.36,37.62,34.36,37.05,6043447
2022-07-12,37.1,37.93,36.57,36.83,6282682
2022-07-13,36.95,37.26,36.52,36.83,2055050
2022-07-14,36.67,37.76,36.67,37.57,4664221
2022-07-15,37.76,38.71,37.67,38.05,5393530
2022-07-18,38.33,38.88,37.76,37.93,3435504
2022-07-19,38.05,38.05,35.98,36.43,3825906
2022-07-20,37.0,37.57,36.48,37.05,2890505
2022-07-21,37.02,39.38,36.67,38.83,5511842
2022-07-22,38.88,38.91,37.93,38.38,2430643
2022-07-25,38.55,39.14,37.71,38.21,2073154
2022-07-26,38.38,38.38,37.43,38.05,2445065
2022-07-27,38.05,38.41,37.48,38.05,2093221
2022-07-28,38.24,38.71,37.86,38.05,2694779
2022-07-29,38.12,38.31,36.38,36.81,3550442
2022-08-01,36.91,37.62,36.57,36.74,2767238
2022-08-02,36.71,37.36,36.24,36.91,2575239
2022-08-03,36.91,37.81,36.76,36.91,3349041
2022-08-04,37.02,38.05,36.33,37.83,6198585
2022-08-05,38.14,40.19,37.64,37.83,8896646
2022-08-08,38.33,38.5,37.33,37.6,3765425
2022-08-10,37.62,38.48,37.5,38.02,5292212
2022-08-11,38.43,38.52,37.33,37.57,6006151
2022-08-12,37.17,37.43,36.86,37.29,1521151
2022-08-16,37.6,38.86,37.31,38.21,6534623
2022-08-17,38.41,38.55,37.79,38.05,3048428
2022-08-18,38.05,39.05,37.71,37.91,3549318
2022-08-19,38.19,38.33,36.55,37.14,5014295
2022-08-22,37.14,37.62,36.95,37.21,2989637
2022-08-23,37.24,38.48,37.02,38.21,9149543
2022-08-24,38.48,39.05,37.64,37.81,4331696
2022-08-25,38.0,38.67,37.21,37.95,8691268
2022-08-26,38.1,38.5,38.05,38.07,1915892
2022-08-29,37.14,37.86,36.93,37.29,3993551
2022-08-30,37.86,41.74,37.64,38.81,10749362
2022-09-01,38.76,39.71,37.67,37.88,5504919
2022-09-02,38.26,40.29,38.12,38.95,16423982
2022-09-05,39.33,40.45,38.64,39.67,7164658
2022-09-06,40.41,41.02,39.91,40.17,8337476
2022-09-07,40.1,41.43,39.91,40.36,8558897
2022-09-08,40.93,44.64,40.71,42.71,17990399
2022-09-09,43.33,44.79,43.17,43.38,13080791
2022-09-12,43.83,43.83,42.55,42.71,5331954
2022-09-13,43.07,43.69,42.76,43.45,9812046
2022-09-14,42.62,43.41,42.41,42.83,7071218
2022-09-15,43.1,43.81,42.52,43.36,3455737
2022-09-16,43.57,43.57,40.57,41.33,46905250
2022-09-19,42.6,43.0,41.62,41.88,2846975
2022-09-20,42.07,42.69,41.52,41.81,1657215
2022-09-21,41.91,42.98,41.02,41.33,3653192
2022-09-22,41.17,42.62,40.88,42.31,3786210
2022-09-23,42.6,42.6,40.71,40.95,2198523
2022-09-26,40.17,40.91,39.05,40.29,6545341
2022-09-27,40.86,41.14,39.83,40.14,3312620
2022-09-28,42.38,42.76,40.07,40.36,9190825
2022-09-29,41.14,42.12,40.36,41.26,5137185
2022-09-30,41.52,42.19,40.64,41.67,7628317
2022-10-03,41.71,42.43,41.29,41.69,6430820
2022-10-04,42.21,42.21,41.31,41.52,1982588
2022-10-06,41.91,42.62,41.69,41.81,2191228
2022-10-07,41.81,41.98,41.33,41.45,2210023
2022-10-10,41.43,42.02,41.02,41.33,1826490
2022-10-11,41.43,41.62,40.55,40.81,1802649
2022-10-12,40.95,41.48,40.79,40.93,1506149
2022-10-13,40.93,41.91,40.83,41.55,2746967
2022-10-14,41.91,43.17,41.74,42.26,2403533
2022-10-17,42.36,42.48,41.98,42.21,814677
2022-10-18,42.29,42.67,41.33,41.48,1719818
2022-10-19,41.64,42.81,41.52,42.45,2359465
2022-10-20,42.38,42.5,41.57,41.74,1342945
2022-10-21,41.95,42.05,40.52,40.76,3042795
2022-10-24,41.31,41.57,41.02,41.36,286712
2022-10-25,41.07,41.55,40.81,41.1,1095353
2022-10-27,41.31,41.48,40.71,41.07,3019357
2022-10-28,41.07,41.76,38.52,40.17,2760439
2022-10-31,40.45,42.57,40.26,41.67,8267553
2022-11-01,40.19,40.79,39.0,39.36,10010599
2022-11-02,39.38,39.74,38.91,39.24,2351545
2022-11-03,39.05,39.43,38.26,38.69,5342300
2022-11-04,38.69,38.95,38.38,38.57,5898557
2022-11-07,39.05,39.86,38.88,39.38,2803783
2022-11-09,40.0,40.05,39.1,39.52,2801865
2022-11-10,39.52,39.62,38.74,39.33,1781644
2022-11-11,39.98,40.12,39.36,39.55,2318136
2022-11-14,39.88,40.05,39.05,39.5,2728754
2022-11-15,39.79,39.79,32.43,39.52,2919993
2022-11-16,43.33,47.43,40.1,40.43,14143868
2022-11-17,40.63,41.0,39.87,40.33,2405309
2022-11-18,40.53,40.53,38.9,39.37,2559228
2022-11-21,39.53,39.53,38.33,38.63,4210775
2022-11-22,38.67,38.8,38.27,38.67,1386850
2022-11-23,38.83,38.9,38.07,38.4,2025665
2022-11-24,38.63,39.0,38.37,38.67,1750156
2022-11-25,38.83,38.93,37.93,38.03,1918634
2022-11-28,38.13,40.07,38.03,39.83,6092457
2022-11-29,39.83,40.43,39.77,40.03,6848467
2022-11-30,40.03,41.53,39.8,40.97,8233966
2022-12-01,41.13,41.13,40.0,40.03,3511167
2022-12-02,40.0,40.27,39.37,40.13,2698366
2022-12-05,40.33,40.67,39.93,40.53,2173218
2022-12-06,40.53,40.67,40.07,40.33,3508505
2022-12-07,40.33,40.43,39.87,40.03,1790131
2022-12-08,40.23,40.27,39.8,40.03,1202132
2022-12-09,40.07,40.23,39.73,40.03,1609780
2022-12-12,40.13,40.3,39.27,39.47,4178169
2022-12-13,39.7,41.1,39.57,40.63,4320161
2022-12-14,40.9,42.27,40.7,41.53,7786019
2022-12-15,41.37,41.9,40.33,40.53,1853553
2022-12-16,40.07,40.4,38.87,39.27,2864136
2022-12-19,39.6,39.6,38.63,38.97,5531641
2022-12-20,39.0,39.2,38.4,39.0,3866600
2022-12-21,39.1,39.57,38.33,38.53,1948682
2022-12-22,38.67,38.83,37.47,38.27,2435859
2022-12-23,37.97,37.97,36.2,37.27,14832618
2022-12-26,37.27,39.33,36.53,38.07,3082821
2022-12-27,38.4,39.8,38.2,39.37,2093963
2022-12-28,39.43,39.5,38.47,38.6,3616049
2022-12-29,38.33,38.8,38.17,38.57,3536364
2022-12-30,39.0,39.27,38.67,38.87,1602372
2023-01-02,38.9,39.17,38.57,38.77,1589575
2023-01-03,38.83,39.17,38.23,38.33,5934425
2023-01-04,38.5,38.53,37.67,37.77,2244573
2023-01-05,37.9,38.0,37.37,37.8,1684149
2023-01-06,37.67,38.03,36.47,36.73,3719971
2023-01-09,37.13,37.4,36.63,37.07,6615801
2023-01-10,36.97,37.27,36.63,36.73,1505761
2023-01-11,36.9,36.93,35.67,35.93,4741646
2023-01-12,36.13,36.23,34.77,35.0,8548988
2023-01-13,35.2,35.2,33.17,34.67,27757957
2023-01-16,34.93,35.2,34.53,34.77,4558520
2023-01-17,34.63,35.1,34.43,34.67,5684675
2023-01-18,34.7,34.9,34.53,34.67,12329919
2023-01-19,34.57,34.67,34.1,34.3,1863280
2023-01-20,34.47,34.6,33.87,34.13,1772778
2023-01-23,34.33,34.53,33.37,34.07,3995138
2023-01-24,34.07,34.1,33.53,33.77,9259730
2023-01-25,33.77,34.13,33.27,33.9,4950265
2023-01-27,34.0,34.57,32.47,34.13,13369269
2023-01-30,34.07,34.53,33.43,34.07,5596489
2023-01-31,34.3,34.5,33.6,34.3,5378308
2023-02-01,34.5,36.1,33.93,34.33,9205134
2023-02-02,34.33,35.23,34.1,34.6,4545543
2023-02-03,34.77,35.13,34.03,34.9,2188733
2023-02-06,35.1,35.8,34.83,35.33,3143141
2023-02-07,35.33,35.6,33.73,34.23,6871043
2023-02-08,34.0,35.97,33.57,35.77,4254613
2023-02-09,35.77,35.93,34.77,34.97,3613439
2023-02-10,35.2,36.0,34.9,35.8,2902237
2023-02-13,35.8,35.9,34.33,34.93,4261101
2023-02-14,35.13,35.97,34.53,34.73,2566347
2023-02-15,34.57,34.73,34.13,34.47,2017611
2023-02-16,35.37,35.6,33.37,33.7,11343128
2023-02-17,33.77,34.0,33.2,33.87,6812525
2023-02-20,33.9,34.43,33.67,34.17,4514082
2023-02-21,34.17,34.3,33.43,33.57,4890223
2023-02-22,33.57,33.57,32.9,33.23,3188875
2023-02-23,33.23,33.43,32.9,33.3,4875451
2023-02-24,33.47,33.73,32.8,33.23,4816196
2023-02-27,33.23,33.4,32.73,33.03,1594155
2023-02-28,33.03,33.67,32.7,33.0,7397534
2023-03-01,33.07,33.73,32.93,33.53,1450955
2023-03-02,33.57,33.6,33.3,33.5,1209803
2023-03-03,33.63,33.67,33.0,33.13,4980364
2023-03-06,33.3,33.43,33.0,33.27,2857448
2023-03-08,33.43,33.53,32.97,33.37,1653279
2023-03-09,33.43,33.43,32.57,32.63,4313214
2023-03-10,32.27,33.1,32.27,32.73,4073280
2023-03-13,32.5,32.57,31.2,31.57,8831544
2023-03-14,31.5,31.97,31.03,31.47,2452305
2023-03-15,31.57,32.0,31.5,31.9,2032145
2023-03-16,31.47,32.0,30.67,31.03,8369979
2023-03-17,31.23,31.7,30.67,30.83,1851308
2023-03-20,30.83,31.37,30.1,31.03,5599531
2023-03-21,31.2,31.67,30.57,31.37,2883474
2023-03-22,31.53,31.83,31.07,31.63,1822141
2023-03-23,31.33,32.13,31.07,31.8,4431760
2023-03-24,31.67,32.1,31.4,31.77,1576494
2023-03-27,31.8,31.8,31.0,31.53,1468160
2023-03-28,31.37,31.57,30.93,31.2,1678092
2023-03-29,31.17,31.7,30.67,31.57,4175334
2023-03-31,31.73,32.6,31.47,32.17,5019901
2023-04-03,32.43,34.0,31.87,33.23,1730872
2023-04-05,33.63,33.63,32.93,33.1,3002334
2023-04-06,33.07,34.17,32.73,34.03,5866288
2023-04-10,34.07,34.07,33.1,33.3,7109885
2023-04-11,33.33,33.93,33.0,33.77,7772655
2023-04-12,33.8,34.37,33.53,33.93,6705864
2023-04-13,34.0,34.33,33.2,33.8,7577863
2023-04-17,33.8,34.23,33.03,33.87,3502919
2023-04-18,33.93,34.03,33.27,33.33,3746427
2023-04-19,33.4,33.77,33.2,33.3,2685517
2023-04-20,33.17,33.77,33.0,33.43,2367414
2023-04-21,33.33,33.9,33.2,33.63,3887252
2023-04-24,33.8,34.0,33.4,33.67,3729070
2023-04-25,33.73,34.33,33.47,34.2,2915188
2023-04-26,34.2,35.23,33.7,34.97,5529301
2023-04-27,35.2,35.87,34.9,35.1,5797282
2023-04-28,35.13,35.93,34.97,35.83,3519418
2023-05-02,36.0,36.2,34.73,35.23,2675499
2023-05-03,35.2,35.7,34.87,35.47,15192142
2023-05-04,35.33,35.93,35.07,35.2,7192705
2023-05-05,35.33,36.0,35.07,35.8,1908875
2023-05-08,36.07,36.1,34.73,35.07,9178617
2023-05-09,35.17,37.03,35.03,36.63,10727175
2023-05-10,36.83,37.27,36.67,37.17,3352785
2023-05-11,37.73,37.9,37.33,37.63,2756187
2023-05-12,37.63,37.73,37.07,37.23,1428115
2023-05-15,37.33,37.33,36.63,37.0,1404609
2023-05-16,37.13,37.27,36.6,36.7,1637884
2023-05-17,36.67,37.23,36.33,36.83,4279124
2023-05-18,37.07,37.2,36.83,37.0,1582571
2023-05-19,37.03,37.67,36.5,36.63,5630932
2023-05-22,36.97,37.17,36.5,36.73,8977264
2023-05-23,37.07,37.93,36.8,37.43,32848205
2023-05-24,37.8,38.2,36.93,37.0,5238415
2023-05-25,37.17,37.5,37.03,37.27,4296037
2023-05-26,37.33,37.87,37.27,37.5,4968006
2023-05-29,37.73,38.47,37.67,37.97,4927537
2023-05-30,38.1,39.27,38.0,38.43,6619891
2023-05-31,38.6,39.0,38.27,38.57,8099709
2023-06-01,38.67,39.07,38.43,38.73,3506798
2023-06-02,39.0,39.4,38.37,38.9,5547937
2023-06-05,39.17,39.23,38.6,38.73,5511266
2023-06-06,38.87,38.87,38.0,38.67,4761320
2023-06-07,38.87,38.87,38.17,38.37,5829437
2023-06-08,38.53,38.67,38.33,38.43,1887576
2023-06-09,38.5,39.0,38.2,38.8,5154044
2023-06-12,38.8,38.87,38.4,38.5,1513412
2023-06-13,38.5,39.6,38.4,39.0,5287510
2023-06-14,39.33,39.47,38.3,38.4,5225382
2023-06-15,38.4,38.73,37.4,38.33,14102599
2023-06-16,38.6,38.93,37.97,38.47,4397095
2023-06-19,38.83,38.83,38.07,38.5,3976004
2023-06-20,38.43,39.2,38.2,38.87,5553364
2023-06-21,38.87,38.87,38.13,38.27,4465128
2023-06-22,38.33,38.67,37.93,38.57,3755394
2023-06-23,38.5,38.5,36.9,37.7,3180465
2023-06-26,37.37,37.97,37.27,37.83,2579253
2023-06-27,37.83,37.97,37.37,37.7,3872933
2023-06-28,37.83,38.13,37.63,37.73,6631045
2023-06-30,37.93,38.67,37.73,38.47,14041353
2023-07-03,38.8,38.9,38.23,38.57,2437299
2023-07-04,38.4,39.17,38.23,38.77,6884130
2023-07-05,39.0,39.53,38.67,38.93,7018048
2023-07-06,39.1,39.27,38.6,38.77,5548900
2023-07-07,38.47,39.17,38.4,38.9,3760820
2023-07-10,39.3,39.33,38.47,38.57,2215701
2023-07-11,38.77,39.27,38.63,39.03,3419854
2023-07-12,39.03,39.23,38.67,38.77,2907204
2023-07-13,39.03,39.47,38.47,38.53,11289146
2023-07-14,38.83,39.2,38.53,38.7,4006674
2023-07-17,38.93,39.63,38.83,39.1,16288304
2023-07-18,39.33,39.4,38.77,39.03,7727822
2023-07-19,39.17,39.17,38.8,38.9,1905173
2023-07-20,38.8,39.4,38.67,38.97,3868405
2023-07-21,38.93,38.97,38.53,38.6,6227111
2023-07-24,38.67,39.1,38.53,38.63,15882171
2023-07-25,38.87,41.77,38.77,41.27,41088343
2023-07-26,41.33,41.97,40.43,41.43,14070518
2023-07-27,41.67,41.9,40.03,40.1,5738501
2023-07-28,40.2,40.97,39.03,39.23,7244924
2023-07-31,39.33,39.87,38.4,39.03,16386779
2023-08-01,40.63,40.63,39.57,39.7,7814079
2023-08-02,39.97,40.17,39.13,39.97,6969135
2023-08-03,40.0,40.07,39.43,39.77,4548715
2023-08-04,39.93,40.67,39.67,40.33,6274492
2023-08-07,40.6,40.67,40.0,40.2,2720787
2023-08-08,40.2,40.6,39.87,40.27,6485985
2023-08-09,40.0,40.43,39.7,40.3,2464174
2023-08-10,40.53,40.53,40.13,40.33,2229632
2023-08-11,40.47,40.5,39.4,39.47,3420698
2023-08-14,39.47,40.07,38.77,39.6,3001252
2023-08-16,39.43,40.7,39.1,40.43,4463696
2023-08-17,40.73,40.77,39.27,39.77,5870819
2023-08-18,39.77,40.0,39.27,39.7,4093642
2023-08-21,40.2,40.2,39.07,39.8,6213644
2023-08-22,40.0,40.17,39.4,39.8,6051227
2023-08-23,40.0,40.47,39.43,39.67,15142912
2023-08-24,39.97,40.2,39.43,39.97,4630798
2023-08-25,39.9,40.27,39.57,39.73,3311154
2023-08-28,40.07,40.2,39.77,40.0,2589401
2023-08-29,40.03,40.13,39.4,39.43,5897771
2023-08-30,39.77,40.1,39.4,39.7,2748034
2023-08-31,39.73,41.63,39.67,41.4,12085026
2023-09-01,41.77,44.73,41.47,43.97,18667742
2023-09-04,44.57,45.33,43.47,43.97,6586836
2023-09-05,44.33,44.97,43.2,43.63,6250516
2023-09-06,44.47,44.5,43.0,43.63,3898291
2023-09-07,43.97,44.63,43.1,44.0,6385622
2023-09-08,44.5,44.67,43.87,44.47,6159456
2023-09-11,45.0,45.0,44.07,44.63,6234231
2023-09-12,45.0,45.0,41.83,42.53,6537762
2023-09-13,42.47,43.13,40.9,42.6,4346248
2023-09-14,43.0,44.0,42.83,43.5,2772670
2023-09-15,43.77,44.0,42.77,43.8,3328333
2023-09-18,44.1,44.1,43.2,43.37,2200054
2023-09-20,43.33,43.77,42.93,43.27,2238402
2023-09-21,43.23,43.23,42.5,42.6,3000224
2023-09-22,42.53,42.8,41.77,42.5,2924382
2023-09-25,42.87,42.9,41.9,42.57,3181150
2023-09-26,42.8,42.93,42.13,42.2,2600082
2023-09-27,42.17,42.93,41.4,42.67,3571991
2023-09-28,42.77,43.03,41.9,42.03,2206033
2023-09-29,42.27,43.27,42.0,42.97,2811414
2023-10-03,43.13,43.17,41.93,42.63,4310325
2023-10-04,42.63,42.67,41.67,42.0,2388781
2023-10-05,42.13,42.33,41.2,41.3,3771260
2023-10-06,41.33,41.47,41.13,41.27,1613896
2023-10-09,40.73,41.37,39.83,41.0,4278772
2023-10-10,41.0,42.53,41.0,42.27,4109781
2023-10-11,42.6,42.6,41.67,41.83,3543087
2023-10-12,41.83,42.03,41.23,41.3,1965958
2023-10-13,41.27,41.57,41.07,41.33,4066271
2023-10-16,41.6,41.97,41.27,41.83,4075682
2023-10-17,42.07,42.4,41.9,41.97,1747310
2023-10-18,42.0,42.0,41.3,41.6,1976611
2023-10-19,41.33,42.8,41.13,42.57,3475293
2023-10-20,42.7,43.07,41.67,42.03,2397164
2023-10-23,42.3,42.4,40.53,40.97,3147765
2023-10-25,41.23,41.47,39.6,40.0,5088000
2023-10-26,39.7,40.23,38.93,39.67,6719084
2023-10-27,39.73,41.83,39.73,40.8,5162113
2023-10-30,40.9,40.97,39.47,40.07,2713026
2023-10-31,40.33,40.87,39.6,39.97,3159920
2023-11-01,41.0,41.23,39.2,39.4,6232371
2023-11-02,39.4,39.87,38.93,39.1,5209857
2023-11-03,39.4,39.5,38.8,38.87,8280632
2023-11-06,39.5,39.5,38.57,39.2,8388984
2023-11-07,39.33,40.6,39.13,39.93,5706514
2023-11-08,40.13,40.3,39.33,39.7,3066826
2023-11-09,39.7,39.97,38.63,38.73,6294981
2023-11-10,38.73,39.4,38.67,39.17,3211831
2023-11-12,39.6,39.87,39.43,39.77,869568
2023-11-13,39.8,39.8,39.13,39.23,3640519
2023-11-15,39.4,40.5,39.4,40.13,4886971
2023-11-16,40.23,40.3,39.83,39.93,2118735
2023-11-17,39.93,40.07,39.6,39.67,2779875
2023-11-20,39.83,40.67,39.57,40.43,8487909
2023-11-21,40.67,40.67,40.07,40.27,2046618
2023-11-22,40.27,40.53,39.33,39.4,2946611
2023-11-23,39.57,40.83,39.57,40.23,4481366
2023-11-24,40.33,40.57,40.0,40.1,1747406
2023-11-28,40.27,40.83,40.0,40.47,3085483
2023-11-29,40.6,41.03,40.23,40.43,3157618
2023-11-30,40.47,41.3,40.2,41.07,7002497
2023-12-01,41.33,41.57,40.63,40.9,7074229
2023-12-04,41.67,41.8,40.67,41.13,7644292
2023-12-05,41.47,41.73,40.6,40.77,5701692
2023-12-06,41.0,41.43,39.97,40.27,7123107
2023-12-07,40.67,41.13,40.17,40.73,3478124
2023-12-08,41.0,41.43,40.5,41.27,6619525
2023-12-11,41.67,41.73,41.07,41.2,6977193
2023-12-12,41.53,42.1,40.7,40.93,5386822
2023-12-13,41.2,41.4,39.93,40.2,6694344
2023-12-14,40.53,40.73,39.97,40.2,7924596
2023-12-15,40.5,40.8,40.37,40.57,4619985
2023-12-18,40.77,41.23,40.33,41.03,6181944
2023-12-19,41.23,41.47,40.83,41.17,11188544
2023-12-20,41.33,41.77,39.6,40.07,9809175
2023-12-21,39.93,40.43,39.4,40.13,10121658
2023-12-22,40.2,41.33,40.13,40.97,5859591
2023-12-26,41.23,41.3,40.43,40.5,4688059
2023-12-27,40.63,40.97,40.0,40.67,5512070
2023-12-28,40.77,41.17,40.07,40.73,7466337
2023-12-29,40.9,42.4,40.67,41.17,14976917
2024-01-01,41.5,42.2,41.13,41.43,8090211
2024-01-02,41.53,42.03,40.8,41.03,12295620
2024-01-03,41.2,41.73,40.67,41.0,20314444
2024-01-04,41.1,41.6,41.1,41.33,4766000
2024-01-05,41.8,44.0,41.4,43.77,41498481
2024-01-08,44.37,44.5,42.93,43.1,13686834
2024-01-09,43.47,43.83,43.13,43.27,6651332
2024-01-10,43.3,43.6,42.53,42.83,6123191
2024-01-11,43.93,43.93,42.27,42.4,9374264
2024-01-12,42.63,42.97,41.87,42.07,6504992
2024-01-15,42.33,42.67,42.1,42.37,4641928
2024-01-16,42.67,42.77,41.4,41.93,4022216
2024-01-17,41.67,42.0,41.03,41.27,6129243
2024-01-18,41.03,41.5,40.3,41.03,6630691
2024-01-19,41.33,41.77,40.8,41.07,5790031
2024-01-20,41.07,41.8,40.9,41.73,2426350
2024-01-23,41.87,42.0,40.87,40.97,5397988
2024-01-24,40.93,41.23,40.23,41.13,3471056
2024-01-25,41.13,41.8,40.17,40.63,6365883
2024-01-29,41.0,41.3,40.9,41.13,4795514
2024-01-30,41.43,43.67,41.33,42.33,17952800
2024-01-31,43.0,43.83,42.23,43.37,17288754
2024-02-01,44.23,47.63,44.17,46.63,65055289
2024-02-02,47.43,48.13,46.0,46.27,22935135
2024-02-05,46.53,49.23,46.2,47.3,26921460
2024-02-06,48.33,49.87,47.8,48.6,23309947
2024-02-07,48.87,49.23,46.8,47.0,11851314
2024-02-08,47.97,48.47,46.57,47.83,17287587
2024-02-09,48.0,48.07,45.23,45.97,12601579
2024-02-12,46.23,46.57,44.0,44.37,8050300
2024-02-13,44.37,46.27,43.07,45.0,10542174
2024-02-14,44.97,46.63,44.23,46.53,10625115
2024-02-15,46.9,47.33,46.13,47.07,7412758
2024-02-16,46.73,49.87,46.73,48.23,21335722
2024-02-19,48.53,49.17,48.4,48.73,5880072
2024-02-20,48.83,48.87,47.53,47.83,5139753
2024-02-21,48.0,48.1,46.47,46.63,5355085
2024-02-22,46.73,47.6,45.9,47.47,5420500
2024-02-23,47.7,47.7,46.67,46.83,4342821
2024-02-26,47.33,48.57,47.03,48.3,8385228
2024-02-27,48.67,49.13,47.67,48.0,8458136
2024-02-28,48.13,48.7,46.7,47.37,6408974
2024-02-29,47.13,47.13,45.8,46.77,6245432
2024-03-01,46.9,47.87,46.4,46.67,7044064
2024-03-02,46.87,47.8,46.73,47.63,838558
2024-03-04,47.8,47.8,46.43,46.63,7378249
2024-03-05,47.0,47.57,46.37,46.93,6887156
2024-03-06,47.2,47.53,46.0,46.73,6233509
2024-03-07,45.67,46.73,44.8,45.13,8234972
2024-03-11,45.4,45.4,43.87,44.1,7118007
2024-03-12,44.1,44.27,42.1,43.1,11008793
2024-03-13,43.1,43.97,40.67,41.03,16784016
2024-03-14,40.73,42.83,40.1,42.4,15326210
2024-03-15,42.6,43.2,41.33,41.6,12363582
2024-03-18,41.93,42.87,41.37,41.5,9547931
2024-03-19,41.8,42.13,40.87,41.27,5894794
2024-03-20,41.7,41.97,40.73,41.0,5138478
2024-03-21,41.6,42.1,41.33,41.83,6351171
2024-03-22,41.9,42.73,41.73,42.63,4906880
2024-03-26,42.53,43.43,42.3,43.2,7513967
2024-03-27,43.27,44.87,43.2,43.53,10730915
2024-03-28,44.0,44.53,43.23,44.07,9917465
2024-04-01,44.47,45.23,44.13,45.0,5736739
2024-04-02,45.47,45.83,45.07,45.7,5279226
2024-04-03,45.83,47.27,45.33,47.1,9320043
2024-04-04,47.47,47.53,46.23,47.07,8440570
2024-04-05,47.33,47.7,46.6,46.9,5915620
2024-04-08,47.13,47.13,46.2,46.63,3694375
2024-04-09,46.87,47.1,45.47,45.57,4091225
2024-04-10,45.9,46.33,45.57,45.87,5854158
2024-04-12,46.3,46.8,45.57,46.4,7764632
2024-04-15,44.93,46.3,43.9,45.9,7989068
2024-04-16,45.63,48.27,45.03,47.2,22830741
2024-04-18,47.3,47.53,46.43,46.7,10532241
2024-04-19,46.67,47.13,45.23,46.77,7012503
2024-04-22,47.03,47.03,46.27,46.4,5140844
2024-04-23,46.47,48.23,46.33,47.4,12651886
2024-04-24,47.7,48.13,47.07,47.3,5747195
2024-04-25,47.4,47.53,46.53,46.8,7057576
2024-04-26,46.83,47.37,46.17,46.37,7235105
2024-04-29,46.67,46.93,46.1,46.37,3909962
2024-04-30,46.47,46.63,46.0,46.03,3065858
2024-05-02,46.3,46.43,45.73,45.93,2798240
2024-05-03,46.0,46.17,45.27,45.63,3568212
2024-05-06,45.8,45.97,45.2,45.77,3366832
2024-05-07,45.77,45.97,44.87,45.33,4340356
2024-05-08,45.0,46.2,44.9,45.97,3957120
2024-05-09,46.33,46.43,45.2,45.7,5498546
2024-05-10,45.7,45.8,44.73,45.0,2717478
2024-05-13,45.0,45.3,44.1,44.77,2624380
2024-05-14,44.87,45.73,44.87,45.47,3345485
2024-05-15,45.5,46.1,45.4,45.77,2769402
2024-05-16,46.23,47.27,45.23,46.33,10250575
2024-05-17,47.33,47.33,45.57,45.77,13861145
2024-05-18,46.0,46.63,46.0,46.13,911414
2024-05-21,46.5,46.5,45.47,46.17,6691918
2024-05-22,46.5,46.5,45.5,45.63,4175890
2024-05-23,45.7,45.83,45.43,45.57,2814825
2024-05-24,45.7,46.2,45.2,45.37,5932398
2024-05-27,45.77,45.77,45.1,45.23,4407682
2024-05-28,45.47,45.5,44.43,44.73,4951933
2024-05-29,44.67,45.1,44.23,44.4,4449745
2024-05-30,44.53,45.13,44.17,44.47,6322140
2024-05-31,44.8,45.33,44.47,45.1,5777880
2024-06-03,46.67,46.9,44.77,45.1,7910136
2024-06-04,45.3,45.3,41.53,43.03,7598325
2024-06-05,43.07,43.37,41.57,42.77,13895908
2024-06-06,43.8,45.0,43.0,44.77,9856887
2024-06-07,44.87,45.47,44.73,45.27,5588158
2024-06-10,45.6,45.93,45.09,45.73,8773409
2024-06-11,46.27,46.27,45.73,45.83,5165550
2024-06-12,46.13,46.17,45.57,46.01,5145040
2024-06-13,46.04,49.53,45.76,48.41,41475778
2024-06-14,48.53,51.09,48.44,49.27,33930446
2024-06-18,50.0,52.67,49.87,52.5,46566741
2024-06-19,53.21,53.33,50.81,51.16,32664759
2024-06-20,51.47,51.55,50.4,50.55,11254642
2024-06-21,50.97,51.63,49.83,50.73,14270279
2024-06-24,50.67,50.95,49.93,50.67,9705433
2024-06-25,51.0,51.87,50.27,50.41,13418926
2024-06-26,50.33,51.67,50.13,50.29,11052126
2024-06-27,50.31,50.56,49.33,49.44,7352086
2024-06-28,49.47,50.4,49.06,50.21,10901625
2024-07-01,50.23,50.67,49.34,49.47,6887017
2024-07-02,49.73,49.76,48.4,48.59,8954771
2024-07-03,49.19,49.26,48.54,48.75,5394850
2024-07-04,48.92,49.65,48.61,48.74,6202474
2024-07-05,49.17,49.44,48.71,48.93,5574842
2024-07-08,49.0,49.18,47.2,47.94,12363406
2024-07-09,48.29,48.99,48.0,48.21,6541899
2024-07-10,48.4,48.75,47.23,48.28,15042765
2024-07-11,48.33,49.09,48.2,48.53,8622346
2024-07-12,48.75,49.83,48.65,49.39,11540057
2024-07-15,49.99,50.68,49.67,50.5,10940783
2024-07-16,50.73,50.97,50.13,50.48,9058029
2024-07-18,50.67,50.67,49.2,49.63,6859502
2024-07-19,49.6,49.63,47.83,48.39,6521914
2024-07-22,48.56,49.03,47.7,48.39,3843136
2024-07-23,48.66,48.66,46.4,47.85,4144608
2024-07-24,47.9,48.95,47.75,48.67,4219781
2024-07-25,48.53,49.83,48.15,49.46,4820818
2024-07-26,49.96,50.46,48.54,50.14,6849813
2024-07-29,50.2,51.33,49.7,50.26,6053949
2024-07-30,50.4,50.73,49.67,49.81,4378949
2024-07-31,49.9,50.3,49.07,49.24,5180708
2024-08-01,49.53,49.56,48.69,48.87,3722616
2024-08-02,48.27,49.63,48.06,48.68,5947130
2024-08-05,47.87,48.24,46.27,46.71,9226984
2024-08-06,47.92,48.88,46.5,47.4,19752299
2024-08-07,48.53,48.53,46.7,47.71,7933060
2024-08-08,47.77,48.19,47.25,48.0,4831601
2024-08-09,48.96,48.96,47.43,47.51,4020053
2024-08-12,47.51,47.99,47.14,47.64,5817534
2024-08-13,47.67,47.8,46.47,46.6,3960844
2024-08-14,46.4,46.6,45.4,46.01,4433304
2024-08-16,46.23,47.52,45.81,46.99,9629240
2024-08-19,47.25,48.43,47.07,47.89,7412990
2024-08-20,47.96,48.5,47.85,47.98,3928466
2024-08-21,48.0,48.34,47.72,48.18,2769471
2024-08-22,48.18,48.63,48.18,48.36,2688261
2024-08-23,48.36,48.7,46.95,47.2,5790822
2024-08-26,47.73,47.87,47.03,47.12,4148235
2024-08-27,47.32,47.97,46.87,47.87,6139507
2024-08-28,47.87,47.95,46.37,46.68,6479523
2024-08-29,46.9,47.13,46.47,46.77,3805489
2024-08-30,47.0,47.15,46.69,46.95,3473007
2024-09-02,47.11,47.15,46.6,46.83,2824916
2024-09-03,46.9,47.23,46.86,46.98,2165926
2024-09-04,46.87,46.89,46.63,46.71,1837537
2024-09-05,46.81,47.15,46.63,46.65,2980720
2024-09-06,46.67,47.3,46.29,46.61,5526687
2024-09-09,46.61,46.77,45.71,46.25,3054766
2024-09-10,46.41,47.0,46.41,46.61,3422032
2024-09-11,46.66,46.75,46.4,46.49,2922522
2024-09-12,46.37,46.53,45.93,46.0,5304811
2024-09-13,46.03,46.53,45.93,46.35,2979301
2024-09-16,46.67,46.83,46.29,46.62,3124459
2024-09-17,46.87,46.87,46.4,46.46,3289033
2024-09-18,46.46,47.0,46.4,46.65,4129293
2024-09-19,46.97,47.0,45.82,46.35,3259405
2024-09-20,46.72,46.8,46.0,46.12,4099721
2024-09-23,46.17,46.63,46.17,46.41,2358783
2024-09-24,46.57,48.32,46.12,47.24,9492325
2024-09-25,47.0,47.75,46.71,47.48,5438688
2024-09-26,48.13,48.27,47.5,48.19,6860252
2024-09-27,48.33,48.53,47.7,48.29,9009260
2024-09-30,48.29,48.71,47.05,47.48,10751208
2024-10-01,47.67,47.91,46.54,46.79,7624525
2024-10-03,46.07,46.54,45.25,45.49,8052250
2024-10-04,45.49,45.72,44.28,44.97,13495355
2024-10-07,45.2,45.4,43.41,43.95,6986523
2024-10-08,44.29,44.29,43.06,43.99,7117943
2024-10-09,44.6,45.19,44.23,44.47,10862096
2024-10-10,44.5,44.76,43.91,43.98,3956926
2024-10-11,44.59,44.6,43.41,43.95,7199905
2024-10-14,44.23,44.23,43.27,43.33,4532882
2024-10-15,43.5,43.99,42.35,42.92,21793993
2024-10-16,42.92,43.65,42.62,42.99,3359345
2024-10-17,43.07,43.21,42.37,42.57,5602872
2024-10-18,42.65,42.89,41.98,42.76,3481317
2024-10-21,42.93,43.1,42.17,42.39,3492414
2024-10-22,42.34,42.67,41.76,42.1,7331873
2024-10-23,42.33,42.99,41.3,42.63,6334831
2024-10-24,42.8,42.8,41.83,42.0,3639631
2024-10-25,42.13,42.25,41.31,41.61,4316475
2024-10-28,41.33,42.0,40.57,41.53,5673122
2024-10-29,41.53,41.79,40.68,40.82,3164381
2024-10-30,40.93,42.27,40.74,41.68,2611833
2024-10-31,41.68,41.97,41.3,41.87,4235015
2024-11-01,42.4,42.71,42.13,42.65,828932
2024-11-04,43.33,44.25,42.37,43.83,12218942
2024-11-05,43.83,43.86,42.51,42.84,3495317
2024-11-06,43.02,43.63,42.67,43.2,2759890
2024-11-07,43.2,43.53,42.8,42.92,2128051
2024-11-08,43.09,43.09,42.33,42.67,1934111
2024-11-11,41.33,42.3,40.93,42.17,4255627
2024-11-12,42.2,42.46,41.35,41.49,1953221
2024-11-13,41.33,41.6,40.01,40.19,4636825
2024-11-14,40.19,40.89,40.07,40.62,5841352
2024-11-18,40.0,41.23,40.0,40.68,3242583
2024-11-19,40.45,41.29,40.45,40.98,13026766
2024-11-21,40.69,41.33,40.67,40.99,5359410
2024-11-22,40.99,41.63,40.93,41.23,3826609
2024-11-25,41.61,42.68,40.95,41.36,5857369
2024-11-26,41.59,41.82,41.44,41.71,3641522
2024-11-27,41.81,42.93,41.73,42.77,3881633
2024-11-28,42.8,43.03,42.32,42.54,3341629
2024-11-29,42.49,42.77,42.41,42.66,2633453
2024-12-02,42.66,42.99,42.14,42.64,2728930
2024-12-03,42.59,42.73,42.2,42.45,3992577
2024-12-04,42.91,42.94,42.02,42.5,2551354
2024-12-05,42.63,42.73,42.35,42.53,1665206
2024-12-06,42.73,42.73,41.96,42.04,4597403
2024-12-09,42.04,42.17,41.7,41.9,5794000
2024-12-10,42.13,44.13,41.73,43.43,7299701
2024-12-11,43.81,43.83,42.87,43.59,4950911
2024-12-12,43.33,43.83,42.83,42.95,2272864
2024-12-13,43.06,43.11,42.15,42.6,2360220
2024-12-16,42.67,42.87,41.67,41.78,4847049
2024-12-17,41.87,41.99,41.33,41.57,5648927
2024-12-18,41.7,41.83,41.4,41.51,2769521
2024-12-19,40.8,41.5,40.73,41.33,1971718
2024-12-20,41.29,41.65,39.66,39.96,5752939
2024-12-23,39.87,40.16,39.09,39.33,6161762
2024-12-24,39.4,39.47,38.87,39.11,3713302
2024-12-26,39.33,39.6,38.67,38.77,2921364
2024-12-27,38.9,39.14,38.55,38.95,2017429
2024-12-30,38.97,39.11,38.43,38.63,4062228
2024-12-31,39.0,39.0,38.33,38.83,4692475
2025-01-01,38.93,39.5,38.61,39.29,3801541
2025-01-02,39.47,40.2,39.0,39.98,4814314
2025-01-03,40.0,40.16,39.28,39.65,13785699
2025-01-06,39.65,39.77,38.23,38.71,10602339
2025-01-07,38.71,38.85,38.0,38.53,34470089
2025-01-08,38.53,38.59,38.0,38.23,5886485
2025-01-09,38.27,38.93,37.9,38.23,4875038
2025-01-10,38.26,38.28,37.29,37.43,10793766
2025-01-13,37.33,37.43,36.13,36.8,10398979
2025-01-14,36.87,37.33,36.4,36.89,13134645
2025-01-15,36.98,37.59,36.6,37.12,14301462
2025-01-16,37.39,38.03,37.23,37.84,2441130
2025-01-17,37.85,38.11,37.4,37.69,2212158
2025-01-20,37.83,38.0,37.27,37.57,8933615
2025-01-21,37.7,38.26,37.2,37.41,1786797
2025-01-22,37.41,37.53,36.21,36.56,4008593
2025-01-23,36.47,37.57,36.33,37.37,3019822
2025-01-24,37.47,37.57,36.56,36.67,1848938
2025-01-27,36.67,36.67,35.33,36.49,4957757
2025-01-28,36.49,36.49,35.29,35.91,3062285
2025-01-29,35.91,36.6,35.67,36.11,2612752
2025-01-30,36.11,36.63,35.85,36.41,6251926
2025-01-31,36.41,37.55,36.35,37.42,2437611
2025-02-01,37.42,38.33,36.85,37.8,2441574
2025-02-03,37.8,37.95,36.55,37.69,3058677
2025-02-04,37.69,38.13,37.47,37.99,4196101
2025-02-05,38.07,38.15,37.47,37.66,5310477
2025-02-06,37.73,37.92,37.23,37.43,5241851
2025-02-07,36.67,37.5,36.51,37.0,14437039
2025-02-10,37.0,37.09,35.6,36.14,5338597
2025-02-11,36.14,36.16,34.2,34.54,15192427
2025-02-12,34.54,34.54,33.07,33.71,12707335
2025-02-13,33.8,34.51,33.71,34.25,15694996
2025-02-14,34.65,34.65,32.71,33.25,15759697
2025-02-17,33.24,33.43,31.83,32.81,8476197
2025-02-18,32.81,32.84,31.7,32.18,5981850
2025-02-19,32.18,33.33,31.83,33.06,5217484
2025-02-20,33.06,33.53,32.58,33.17,6762208
2025-02-21,33.17,33.77,32.63,32.73,5631395
2025-02-24,32.67,32.67,31.89,31.97,4671941
2025-02-25,31.74,32.03,31.33,31.78,7423498
2025-02-27,31.99,31.99,31.01,31.5,8112940
2025-02-28,31.0,31.63,30.72,31.33,7850197
2025-03-03,31.79,32.39,30.93,32.18,7251002
2025-03-04,32.1,32.53,31.15,32.37,5563265
2025-03-05,32.31,33.53,32.31,33.4,4577117
2025-03-06,33.83,34.2,33.61,34.04,3431983
2025-03-07,34.31,35.47,33.83,35.03,5475463
2025-03-10,35.27,35.6,34.27,35.17,7470195
2025-03-11,34.32,35.07,34.23,34.53,4087710
2025-03-12,34.67,34.87,33.4,33.8,6633121
2025-03-13,33.84,34.13,33.55,33.87,3901960
2025-03-17,34.06,34.25,33.67,33.99,2727878
2025-03-18,34.19,34.93,34.03,34.37,3964815
2025-03-19,34.67,35.93,34.27,35.21,5265152
2025-03-20,35.38,36.09,35.0,35.3,5134334
2025-03-21,35.37,36.33,34.96,36.15,5747985
2025-03-24,36.67,38.31,36.63,37.31,5916873
2025-03-25,37.54,37.75,36.2,36.46,5333695
2025-03-26,36.73,36.79,35.53,35.7,6979152
2025-03-27,35.63,36.0,34.87,35.33,8514111
2025-03-28,35.46,35.85,34.48,34.74,6348023
2025-04-01,34.66,34.8,33.76,34.03,3129720
2025-04-02,34.41,34.41,33.53,34.06,2229700
2025-04-03,33.6,34.77,33.6,34.59,2399039
2025-04-04,34.56,34.69,33.5,34.29,3116102
2025-04-07,31.52,33.73,31.33,33.5,5543064
2025-04-08,33.53,34.39,33.42,34.31,3417384
2025-04-09,34.38,34.38,33.67,34.18,1469440
2025-04-11,34.87,35.47,34.35,35.28,3478365
2025-04-15,35.94,36.26,34.65,35.37,5444042
2025-04-16,35.53,35.95,35.03,35.35,2719823
2025-04-17,35.35,35.76,34.97,35.19,2262386
2025-04-21,34.93,36.13,34.93,36.06,2270563
2025-04-22,36.3,37.19,35.81,37.02,3741562
2025-04-23,37.43,37.8,36.21,37.52,3615546
2025-04-24,37.52,37.85,37.09,37.5,2225204
2025-04-25,37.54,37.61,36.45,37.06,8944530
2025-04-28,36.33,37.43,36.33,37.28,3269227
2025-04-29,37.53,37.67,36.8,36.97,2255539
2025-04-30,36.4,37.4,36.37,37.17,5513845
2025-05-02,37.17,37.93,36.89,37.33,3915359
2025-05-05,37.33,38.1,37.2,37.91,2593625
2025-05-06,37.87,38.3,37.28,37.42,3099839
2025-05-07,36.67,38.19,36.6,38.08,3197451
2025-05-08,38.26,38.51,37.33,37.51,3936933
2025-05-09,36.01,38.47,36.01,37.99,5639669
2025-05-12,39.79,39.79,37.89,38.4,7036514
2025-05-13,38.4,38.47,37.59,37.83,8575984
2025-05-14,37.86,38.49,37.71,37.9,2789036
2025-05-15,38.09,38.23,37.71,37.94,6378426
2025-05-16,38.07,38.83,37.71,38.69,2543823
2025-05-19,38.87,39.05,38.1,38.27,3249036
2025-05-20,38.27,38.45,37.45,37.65,4497280
2025-05-21,37.52,37.81,37.13,37.65,8183419
2025-05-22,37.79,38.41,37.53,38.17,2097041
2025-05-23,37.87,39.03,37.87,38.7,4708879
2025-05-26,38.8,39.52,38.71,39.34,3248520
2025-05-27,39.65,39.83,38.97,39.57,2601120
2025-05-28,39.8,39.81,39.16,39.25,2392746
2025-05-29,39.61,39.79,38.91,39.15,2978490
2025-05-30,39.51,39.76,38.3,38.59,7730378
2025-06-02,38.59,38.95,38.23,38.8,1738266
2025-06-03,38.95,39.33,38.14,39.0,2372306
2025-06-04,38.92,39.3,38.37,39.14,3065446
2025-06-05,39.37,39.83,39.2,39.6,3080373
2025-06-06,39.67,40.45,39.33,40.34,3355009
2025-06-09,41.62,41.62,40.67,41.43,5662429
2025-06-10,41.89,41.89,41.17,41.65,3286467
2025-06-11,41.67,41.79,41.2,41.61,5272007
2025-06-12,41.34,41.89,40.61,41.01,3026906
2025-06-13,40.0,41.07,39.82,40.87,4291025
2025-06-16,40.67,41.1,40.37,40.98,3964073
2025-06-17,40.98,41.15,40.54,40.71,3634321
2025-06-18,40.7,40.88,40.08,40.29,3535477
2025-06-19,40.28,40.49,39.35,39.46,3890721
2025-06-20,39.33,40.11,38.67,39.93,3486011
2025-06-23,39.33,39.83,38.95,39.28,5683615
2025-06-24,39.53,39.75,39.24,39.44,2940736
2025-06-25,39.44,39.99,39.27,39.84,3098535
2025-06-26,40.15,40.32,39.91,40.08,1395421
2025-06-27,40.33,40.51,40.0,40.06,2863612
2025-06-30,40.37,40.37,39.67,39.81,2045087
2025-07-01,39.82,39.99,39.45,39.71,2285116
2025-07-02,39.67,39.75,39.35,39.63,2281584
2025-07-03,39.79,41.17,39.67,40.25,8295137
2025-07-04,40.46,40.67,40.05,40.21,4940360
2025-07-07,40.21,41.67,39.89,41.37,11909071
2025-07-08,41.67,43.66,41.58,43.07,25089681
2025-07-09,43.26,43.91,43.09,43.2,9090737
2025-07-10,43.41,43.97,42.83,42.99,9512136
2025-07-11,43.2,43.49,41.93,42.27,6023620
2025-07-14,42.57,42.95,42.13,42.25,4986951
2025-07-15,42.41,43.67,42.41,43.15,10147143
2025-07-16,43.45,43.79,42.9,43.0,4356444
2025-07-17,43.33,43.49,42.66,42.98,3211730
2025-07-18,43.7,44.78,43.1,43.52,16342618
2025-07-21,43.52,44.05,43.0,43.81,3306172
2025-07-22,43.81,43.83,42.79,42.84,4428048
2025-07-23,42.84,43.08,41.45,41.57,7354994
2025-07-24,41.8,42.6,41.35,41.4,5491203
2025-07-25,41.42,41.56,40.35,40.49,5046157
2025-07-28,40.3,40.97,39.32,40.01,4509405
2025-07-29,39.9,40.41,38.69,38.98,10984590
2025-07-30,39.19,39.26,37.5,37.77,6995863
2025-07-31,37.1,37.7,36.66,37.1,4625910
2025-08-01,37.39,38.6,37.06,37.52,7643620
2025-08-04,37.87,38.37,37.36,38.24,4742827
2025-08-05,38.47,39.77,38.1,39.35,8399126
2025-08-06,39.35,39.99,38.11,38.73,5735903
2025-08-07,38.5,38.74,37.81,38.28,4276994
2025-08-08,38.46,39.42,37.91,39.09,3038655
2025-08-11,39.17,39.27,38.15,38.28,2762424
2025-08-12,38.28,38.48,37.8,37.86,2662088
2025-08-13,38.09,38.18,37.6,37.66,3138737
2025-08-14,37.84,37.95,37.12,37.79,6652014
2025-08-18,38.21,39.84,38.03,39.46,7364184
2025-08-19,39.6,43.4,39.06,41.89,43359719
2025-08-20,42.22,43.14,41.66,42.88,12383384
2025-08-21,43.1,43.21,42.16,42.73,4725006
2025-08-22,42.65,42.72,41.45,41.76,3949910
2025-08-25,41.76,42.25,41.65,42.03,13196114
2025-08-26,41.9,42.38,41.21,41.61,6291415
2025-08-28,41.51,41.77,40.82,41.42,2901358
2025-08-29,41.65,41.7,40.67,41.56,4748362
2025-09-01,41.79,42.13,41.61,41.98,3052525
2025-09-02,42.27,43.12,41.77,43.0,9333707
2025-09-03,43.0,43.36,42.34,42.87,5373986
2025-09-04,43.43,44.8,43.0,44.15,18369843
2025-09-05,44.43,45.48,43.86,45.17,19433639
2025-09-08,45.78,48.0,45.5,47.26,32144810
2025-09-09,47.85,50.54,46.43,49.5,26673717
2025-09-10,49.5,49.5,47.63,48.91,19719593
2025-09-11,48.5,49.69,47.84,49.5,13353550
2025-09-12,49.79,50.49,48.52,50.09,22518739
2025-09-15,50.34,50.35,48.36,48.82,9262971
2025-09-16,49.0,50.0,48.66,49.35,11695692
2025-09-17,49.67,49.8,48.45,48.6,6639585
2025-09-18,48.84,49.5,47.23,48.48,7377554
2025-09-19,49.0,49.0,47.86,48.46,6797063
2025-09-22,48.01,48.4,47.5,47.58,4752090
2025-09-23,47.88,48.52,47.42,48.01,9956959
2025-09-24,47.99,49.5,46.93,47.17,9392109
2025-09-25,47.1,47.77,46.48,46.71,3873266
2025-09-26,46.71,47.27,46.15,46.85,6343229
2025-09-29,47.25,47.47,45.71,46.44,26693107
2025-09-30,46.44,46.84,45.52,45.71,4134996
2025-10-01,45.71,46.0,45.36,45.84,2531716
2025-10-03,45.85,46.13,45.2,45.74,3044672
2025-10-06,46.0,46.1,45.21,45.44,3584571
2025-10-07,45.55,46.76,45.36,46.38,4824774
2025-10-08,46.38,46.75,45.55,45.74,2788840
2025-10-09,45.74,45.88,44.95,45.06,2828677
2025-10-10,45.01,45.87,44.37,44.46,3753770
2025-10-13,44.0,45.17,43.95,45.04,3562805
2025-10-14,45.04,45.52,44.0,44.05,2044134
2025-10-15,44.39,47.5,44.08,46.41,6845180
2025-10-16,46.5,46.6,45.75,46.26,3497055
2025-10-17,46.3,46.67,45.72,45.89,2143216
2025-10-20,46.0,46.64,45.72,46.45,2352682
2025-10-21,46.89,47.2,46.25,46.56,702915
2025-10-23,46.8,48.2,46.49,47.67,6585615
2025-10-24,48.61,48.61,46.6,47.09,4623333
2025-10-27,47.09,47.2,46.21,46.3,2196628
2025-10-28,46.49,47.44,46.41,46.74,2536011
2025-10-29,46.89,48.0,46.3,47.82,3537519
2025-10-30,47.62,47.75,46.9,47.41,2741101
2025-10-31,47.0,47.99,47.0,47.21,3535008
2025-11-03,46.99,47.75,46.53,47.65,3609778
2025-11-04,47.75,47.83,46.6,46.99,2242212
2025-11-06,47.99,48.81,46.74,47.79,11938833
2025-11-07,47.34,47.4,45.75,46.78,5792040
2025-11-10,46.78,46.78,45.65,45.87,2481446
2025-11-11,45.7,46.71,45.12,46.42,3221030
2025-11-12,46.39,46.67,46.01,46.35,2365668
2025-11-13,46.0,47.5,46.0,47.39,4399025
2025-11-14,47.39,48.45,47.36,47.96,5709408
2025-11-17,48.0,49.09,47.73,49.01,6674298
2025-11-18,49.07,49.4,48.3,48.42,7899171
2025-11-19,48.45,48.95,47.81,48.64,9989905
2025-11-20,48.7,49.44,48.56,49.05,5934183
2025-11-21,48.99,49.05,47.82,48.42,13603541
2025-11-24,48.59,49.34,47.1,47.59,5842053
2025-11-25,47.58,47.81,46.7,46.79,2301649
2025-11-26,46.83,46.94,45.9,45.98,3878284
2025-11-27,46.44,46.45,45.45,46.27,4208556
2025-11-28,46.5,46.55,45.5,45.66,2943752
2025-12-01,45.9,46.8,45.45,46.66,3139423
2025-12-02,46.42,46.63,46.06,46.41,2505266
2025-12-03,46.49,47.37,45.74,46.14,3810018
2025-12-04,46.14,46.2,45.45,45.54,1888602
2025-12-05,45.54,45.84,44.47,45.6,6829483
2025-12-08,45.6,45.66,43.9,44.8,3578192
2025-12-09,44.8,45.12,43.86,44.75,4165860
2025-12-10,44.75,45.19,44.21,44.51,4860637
2025-12-11,44.78,45.88,44.17,45.65,2406946
2025-12-12,45.65,46.74,45.25,45.91,8397399
2025-12-15,45.91,46.49,45.64,45.97,2394942
2025-12-16,46.2,46.6,45.27,45.51,5585698
2025-12-17,45.51,46.45,44.99,45.15,4076466
2025-12-18,45.23,45.43,44.6,44.9,2153740
2025-12-19,44.81,49.6,44.81,47.65,49911481
2025-12-22,48.0,48.16,46.21,46.33,5804351
2025-12-23,46.32,46.54,45.3,45.45,7671767
2025-12-24,45.51,45.95,45.1,45.28,4284783
2025-12-26,45.28,45.39,45.0,45.13,3087500
2025-12-29,45.15,47.59,44.29,46.82,13526237
2025-12-30,46.49,49.79,45.68,48.82,43942837
2025-12-31,48.48,48.95,47.41,48.52,6949383
2026-01-01,48.52,49.17,47.85,48.92,4813143
2026-01-02,48.5,50.0,48.22,49.85,9549993
2026-01-05,50.49,52.4,49.21,52.05,26508146
2026-01-06,52.8,53.59,50.72,51.16,15572691
2026-01-07,51.2,51.41,49.95,50.24,5986119
2026-01-08,50.23,50.73,48.38,48.66,6418779
2026-01-09,48.44,49.83,47.6,47.84,6021220
2026-01-12,47.82,47.82,46.18,46.76,6645190
2026-01-13,46.94,47.27,45.36,45.72,5688351
2026-01-14,45.6,46.74,45.3,46.07,6083840
2026-01-16,46.05,46.44,45.12,45.35,6146149
2026-01-19,45.0,45.29,44.62,44.84,2522756
2026-01-20,45.13,45.13,42.5,43.51,5683863
2026-01-21,43.3,44.8,42.76,44.49,7062416
2026-01-22,45.0,45.12,43.73,43.93,6094958
2026-01-23,44.0,44.19,42.77,42.98,5216009
2026-01-27,43.03,43.1,42.0,42.25,6593459
2026-01-28,42.46,43.68,41.65,43.32,8999861
2026-01-29,44.88,44.88,41.75,42.15,8001598
2026-01-30,42.17,43.55,41.24,43.16,5943541
2026-02-01,42.85,43.3,42.0,42.29,2169364
2026-02-02,42.29,44.3,40.85,43.52,6598221
2026-02-03,46.5,46.5,43.73,44.94,9588426
2026-02-04,44.93,45.6,43.72,45.36,7351933
2026-02-05,45.36,45.36,44.0,44.57,6073123
2026-02-06,44.35,44.35,42.68,42.93,7505638
2026-02-09,43.15,43.75,42.6,43.35,9844163
2026-02-10,43.4,43.56,42.62,42.84,8558483
2026-02-11,42.85,43.72,42.75,43.36,8352621
2026-02-12,43.44,43.48,42.58,43.27,8746618
2026-02-13,42.9,43.27,42.0,42.79,5057227
2026-02-16,42.8,43.22,42.18,42.63,3244553
2026-02-17,42.63,43.13,42.63,42.9,2984790
2026-02-18,42.95,43.15,42.42,43.02,3941369
2026-02-19,43.2,43.49,42.15,42.87,3578836
2026-02-20,42.7,43.34,42.48,42.93,3909956
2026-02-23,43.39,44.65,43.13,44.47,9424677
2026-02-24,44.46,44.46,43.25,43.61,3164042
2026-02-25,43.61,43.95,43.11,43.57,2513061
2026-02-26,43.7,43.77,42.71,42.91,2762412
2026-02-27,42.83,43.68,41.94,43.2,6476582
2026-03-02,40.25,42.6,40.25,42.25,7108750
2026-03-04,41.05,42.23,41.0,41.44,4259203
2026-03-05,41.44,41.86,40.55,41.56,4331323
2026-03-06,41.4,41.85,41.15,41.27,2045837
2026-03-09,40.5,40.5,39.42,40.12,3807223
2026-03-10,40.49,40.9,40.05,40.74,3420337
2026-03-11,40.7,41.3,40.05,40.18,2916322
2026-03-12,40.2,40.33,39.27,40.06,2843268
2026-03-13,39.65,39.9,38.8,39.08,5752253
2026-03-16,38.89,39.42,37.95,39.15,8956607
2026-03-17,39.5,39.5,38.2,38.72,12815004
2026-03-18,39.05,39.53,38.7,38.79,10722722
2026-03-19,38.5,38.66,37.15,37.27,17216606
2026-03-20,37.83,38.06,36.76,36.98,11985935
2026-03-23,36.89,36.89,35.7,35.89,17364254
2026-03-24,36.09,37.67,36.09,37.51,5656170
2026-03-25,37.89,38.54,37.31,37.98,10993170
2026-03-27,37.87,38.7,36.66,37.9,11336793
2026-03-30,37.0,37.44,36.56,36.9,8487273
2026-04-01,37.59,38.33,37.13,38.2,6926175
2026-04-02,38.11,38.11,36.66,37.07,14630994
2026-04-06,37.07,37.6,36.6,36.76,19688354
2026-04-07,36.76,37.2,36.36,37.01,9346166
2026-04-08,38.49,39.25,37.83,38.76,10261672
2026-04-09,39.04,39.08,37.77,38.58,12630293
2026-04-10,38.98,39.8,38.84,39.33,6827177
2026-04-13,38.55,39.15,38.03,38.53,6402157
2026-04-15,39.08,39.2,38.75,39.02,8526969
2026-04-16,39.38,39.8,39.08,39.45,7326157
2026-04-17,39.51,40.15,39.35,39.52,11364157
2026-04-20,39.72,39.74,38.62,39.19,8244075
2026-04-21,39.14,40.71,39.01,40.01,11677940
2026-04-22,40.0,41.63,39.8,41.29,18671571
2026-04-23,41.36,41.47,40.24,40.57,13923445
2026-04-24,40.46,40.87,39.02,39.9,10512603
2026-04-27,40.09,41.45,40.09,41.1,12458715
2026-04-28,41.72,42.35,38.54,39.24,27273202
2026-04-29,38.95,40.15,37.91,39.54,32698595
2026-04-30,39.71,40.9,39.22,40.54,14696763
2026-05-04,40.99,41.6,40.57,41.47,8898699
2026-05-05,41.47,42.4,41.06,41.59,11850812
2026-05-06,41.94,42.33,41.47,41.94,21395354
2026-05-07,42.09,43.44,41.98,42.83,13788634
2026-05-08,42.9,43.2,42.23,42.5,7012661
2026-05-11,42.29,42.29,41.3,41.61,5685992
2026-05-12,41.3,41.65,39.66,39.8,5635555
2026-05-13,40.15,40.48,39.5,40.01,6167442
2026-05-14,40.1,40.41,39.41,40.04,3227888
2026-05-15,39.82,40.78,39.82,40.07,3645302
2026-05-18,39.87,39.87,38.8,39.23,5315174
2026-05-19,39.4,39.82,39.24,39.39,4625083
2026-05-20,39.0,39.86,38.63,39.72,5687175
2026-05-21,39.9,40.45,39.5,39.9,3744828
2026-05-22,40.26,40.3,39.58,39.66,2756164
2026-05-25,40.0,40.72,39.25,39.32,6636708
2026-05-26,39.34,40.01,39.08,39.23,4806920
2026-05-27,39.39,39.91,39.11,39.7,5736830
2026-05-29,39.8,39.94,38.78,38.97,9818726
